date,hdd
1997-01-10,146.0265056349902
1997-01-17,153.5452802610164
1997-01-24,153.96211142691544
1997-01-31,128.25653595986012
1997-02-07,135.1296956260158
1997-02-14,143.0164328125245
1997-02-21,146.61446394594284
1997-02-28,115.14179541275837
1997-03-07,90.2841315793089
1997-03-14,74.93494912953547
1997-03-21,71.26075151573173
1997-03-28,43.57807033436764
1997-04-04,32.84499427906069
1997-04-11,0.0
1997-04-18,23.347029536840864
1997-04-25,0.0
1997-05-02,0.0
1997-05-09,1.7566786953326488
1997-05-16,35.837763837995496
1997-05-23,0.0
1997-05-30,0.0
1997-06-06,0.0
1997-06-13,29.860149017003625
1997-06-20,0.0
1997-06-27,0.0
1997-07-04,49.16319676487193
1997-07-11,10.635877322849463
1997-07-18,0.0
1997-07-25,0.0
1997-08-01,1.21418218922151
1997-08-08,15.230254426300906
1997-08-15,33.11103605080614
1997-08-22,6.993930263025878
1997-08-29,0.0
1997-09-05,14.167519957767677
1997-09-12,0.0
1997-09-19,0.0
1997-09-26,0.0
1997-10-03,0.0
1997-10-10,0.0
1997-10-17,0.0
1997-10-24,24.99330102028238
1997-10-31,14.281822188163641
1997-11-07,0.0
1997-11-14,48.32246038188685
1997-11-21,72.89273751514304
1997-11-28,83.58276447983027
1997-12-05,133.55860258086273
1997-12-12,105.35152546607212
1997-12-19,140.7543251269464
1997-12-26,131.24956717564237
1998-01-02,135.75230676348775
1998-01-09,124.21808966724637
1998-01-16,138.92119814535448
1998-01-23,124.90462398113215
1998-01-30,138.4254477080636
1998-02-06,125.84071715912233
1998-02-13,105.93400301683707
1998-02-20,131.85503102715245
1998-02-27,111.09664358377813
1998-03-06,83.26325743935313
1998-03-13,80.53944857642182
1998-03-20,61.8754525579966
1998-03-27,32.31332800849695
1998-04-03,33.050447054179536
1998-04-10,3.9945702043299125
1998-04-17,0.0
1998-04-24,0.0
1998-05-01,0.0
1998-05-08,10.20547187250702
1998-05-15,0.0
1998-05-22,45.372756458843455
1998-05-29,15.942341765749182
1998-06-05,23.477942387888607
1998-06-12,14.314374217327654
1998-06-19,33.35156954889431
1998-06-26,0.0
1998-07-03,0.0
1998-07-10,0.0
1998-07-17,10.047934359855677
1998-07-24,2.7273054914636123
1998-07-31,4.958506997420106
1998-08-07,23.776380048057703
1998-08-14,6.877036340324993
1998-08-21,14.380432696638387
1998-08-28,0.0
1998-09-04,0.0
1998-09-11,29.054050614440776
1998-09-18,1.8162276326472215
1998-09-25,0.0
1998-10-02,0.0
1998-10-09,0.0
1998-10-16,0.0
1998-10-23,0.0
1998-10-30,6.530351036960639
1998-11-06,46.11295243607862
1998-11-13,54.31680141549773
1998-11-20,99.34354497036051
1998-11-27,97.96512677095792
1998-12-04,109.39813358016386
1998-12-11,101.66369782746814
1998-12-18,121.61271185834894
1998-12-25,137.2477661574926
1999-01-01,148.8510405576313
1999-01-08,137.29615581618054
1999-01-15,159.42422802783577
1999-01-22,139.13001625385408
1999-01-29,150.23076537612138
1999-02-05,122.1464206572736
1999-02-12,91.44469981456565
1999-02-19,120.21239083226669
1999-02-26,118.07735515406586
1999-03-05,103.49636830209188
1999-03-12,87.50914711584043
1999-03-19,59.24758059494705
1999-03-26,35.66413248572666
1999-04-02,44.05326874814379
1999-04-09,25.240626160952058
1999-04-16,0.0
1999-04-23,19.969635405457023
1999-04-30,0.0
1999-05-07,0.0
1999-05-14,29.45565382214997
1999-05-21,15.634474879210428
1999-05-28,0.0
1999-06-04,5.172852773583909
1999-06-11,2.78626040142909
1999-06-18,0.0
1999-06-25,0.0
1999-07-02,0.0
1999-07-09,0.0
1999-07-16,4.44784616694757
1999-07-23,20.330681633062557
1999-07-30,0.0
1999-08-06,0.0
1999-08-13,5.847329853198815
1999-08-20,0.0
1999-08-27,0.0
1999-09-03,0.0
1999-09-10,40.35308040019774
1999-09-17,0.0
1999-09-24,0.0
1999-10-01,0.0
1999-10-08,0.0
1999-10-15,16.196864978309094
1999-10-22,29.212743067913095
1999-10-29,30.33527395847821
1999-11-05,42.49169495073656
1999-11-12,60.831607392973524
1999-11-19,75.5334846441432
1999-11-26,89.46049586914184
1999-12-03,99.62272904100897
1999-12-10,118.19448430936767
1999-12-17,136.2059292477215
1999-12-24,107.72486500409217
1999-12-31,116.29816707762735
2000-01-07,107.20302973458223
2000-01-14,155.5744390802451
2000-01-21,143.76075414393938
2000-01-28,145.6086071123844
2000-02-04,106.06458770315525
2000-02-11,157.29762653221076
2000-02-18,105.76946546758639
2000-02-25,109.62615606146456
2000-03-03,110.30320823850604
2000-03-10,64.10971849415722
2000-03-17,57.806806508867616
2000-03-24,55.65140637097936
2000-03-31,87.88722294118885
2000-04-07,25.37141127960036
2000-04-14,32.075177537169296
2000-04-21,21.7021166134552
2000-04-28,6.624180656901338
2000-05-05,0.0
2000-05-12,19.075564994728232
2000-05-19,0.0
2000-05-26,28.815752226187655
2000-06-02,3.6000955479285954
2000-06-09,0.0
2000-06-16,0.0
2000-06-23,11.771060776612929
2000-06-30,0.0
2000-07-07,12.87010459788432
2000-07-14,0.0
2000-07-21,0.0
2000-07-28,0.0
2000-08-04,0.5681820112184661
2000-08-11,0.0
2000-08-18,22.091240639559466
2000-08-25,0.0
2000-09-01,5.63698093198229
2000-09-08,1.2234594809452541
2000-09-15,0.0
2000-09-22,0.0
2000-09-29,0.21439829247536535
2000-10-06,35.66159997636535
2000-10-13,10.426856614178599
2000-10-20,0.0
2000-10-27,0.0
2000-11-03,58.28556281696429
2000-11-10,58.9537536560875
2000-11-17,95.9444887200699
2000-11-24,73.17286091272447
2000-12-01,107.66435401575976
2000-12-08,127.4584194836354
2000-12-15,113.41436178195148
2000-12-22,121.28137827689419
2000-12-29,135.02029905534275
2001-01-05,147.7018137882654
2001-01-12,139.55559755910556
2001-01-19,157.20063063895705
2001-01-26,129.18616563772554
2001-02-02,109.4307975819435
2001-02-09,162.83722484997037
2001-02-16,108.4350659815137
2001-02-23,99.42526316379562
2001-03-02,97.2233720798573
2001-03-09,86.94248867238076
2001-03-16,64.85666851710282
2001-03-23,56.54680326319888
2001-03-30,40.36503548960669
2001-04-06,27.852684175187555
2001-04-13,0.0
2001-04-20,33.85577352614129
2001-04-27,0.0
2001-05-04,10.451207150045736
2001-05-11,0.0
2001-05-18,0.0
2001-05-25,0.0
2001-06-01,26.455027761153815
2001-06-08,0.0
2001-06-15,13.645439764921642
2001-06-22,0.0
2001-06-29,0.0
2001-07-06,0.0
2001-07-13,23.109212282927405
2001-07-20,0.0
2001-07-27,0.0
2001-08-03,0.0
2001-08-10,0.0
2001-08-17,0.0
2001-08-24,0.0
2001-08-31,0.0
2001-09-07,0.0
2001-09-14,0.0
2001-09-21,21.60756719838361
2001-09-28,7.264585265059851
2001-10-05,3.374418099105499
2001-10-12,0.0
2001-10-19,0.0
2001-10-26,3.608264664258428
2001-11-02,39.727019982489054
2001-11-09,71.93708158823254
2001-11-16,87.54209451046276
2001-11-23,96.6074736327868
2001-11-30,84.70265124727399
2001-12-07,109.72379649426391
2001-12-14,113.21825811394781
2001-12-21,123.37805173316511
2001-12-28,169.82551407057164
2002-01-04,105.78499477846705
2002-01-11,135.4445138726856
2002-01-18,161.62508996985076
2002-01-25,111.54759263957581
2002-02-01,122.46855973884155
2002-02-08,118.71419683857077
2002-02-15,116.5413305697546
2002-02-22,82.41092628002235
2002-03-01,110.82132960360892
2002-03-08,99.61756588828685
2002-03-15,83.02432422907529
2002-03-22,43.38612465433341
2002-03-29,44.934080770623666
2002-04-05,10.882782105185246
2002-04-12,4.389699627244984
2002-04-19,38.762422689075805
2002-04-26,1.7225167967326076
2002-05-03,0.0
2002-05-10,3.2460361319504494
2002-05-17,0.0
2002-05-24,0.0
2002-05-31,0.0
2002-06-07,0.0
2002-06-14,16.865441920605626
2002-06-21,10.411167564303105
2002-06-28,9.413915908451909
2002-07-05,0.0
2002-07-12,0.0
2002-07-19,4.8960199238973905
2002-07-26,0.0
2002-08-02,0.0
2002-08-09,7.9444564655390915
2002-08-16,0.0
2002-08-23,4.069072603836455
2002-08-30,28.66911220835223
2002-09-06,0.0
2002-09-13,21.22808057494571
2002-09-20,10.068661211532447
2002-09-27,0.0
2002-10-04,0.0
2002-10-11,0.0
2002-10-18,0.0
2002-10-25,20.112059550476733
2002-11-01,49.25716987223548
2002-11-08,76.68958315762296
2002-11-15,74.76356938611802
2002-11-22,75.31142901765367
2002-11-29,58.76366272043755
2002-12-06,109.03108531848102
2002-12-13,118.18013815023026
2002-12-20,129.25994056036816
2002-12-27,170.3061470371796
2003-01-03,159.35840761256432
2003-01-10,153.61354979238726
2003-01-17,122.59976128358758
2003-01-24,129.09155778720375
2003-01-31,133.0232432511586
2003-02-07,115.2268357746336
2003-02-14,130.77530353884117
2003-02-21,119.0105613528854
2003-02-28,82.18536587153866
2003-03-07,111.03233220305847
2003-03-14,77.74988830677731
2003-03-21,30.104332844885995
2003-03-28,44.736010048788295
2003-04-04,34.49318150326999
2003-04-11,30.28676354794699
2003-04-18,0.0
2003-04-25,14.90288881404973
2003-05-02,3.368555761863883
2003-05-09,0.0
2003-05-16,0.0
2003-05-23,20.206077662688276
2003-05-30,21.527715210871843
2003-06-06,5.812366147285013
2003-06-13,26.922720981240513
2003-06-20,19.01897728274892
2003-06-27,12.305317130634979
2003-07-04,0.0
2003-07-11,31.16571751858218
2003-07-18,9.653425779748913
2003-07-25,0.0
2003-08-01,0.0
2003-08-08,4.622108067249424
2003-08-15,0.0
2003-08-22,12.594118956351528
2003-08-29,0.0
2003-09-05,6.670945958837161
2003-09-12,0.0
2003-09-19,0.0
2003-09-26,0.0
2003-10-03,0.0
2003-10-10,34.00883182831237
2003-10-17,27.489791362312303
2003-10-24,25.735664717455688
2003-10-31,35.415758272827134
2003-11-07,67.0631770999654
2003-11-14,87.45233941843324
2003-11-21,66.44948029439307
2003-11-28,93.086955644146
2003-12-05,73.41191022107196
2003-12-12,136.61112951797293
2003-12-19,162.06813942797623
2003-12-26,133.0327412131134
2004-01-02,98.26360957734022
2004-01-09,150.2149641648976
2004-01-16,123.70568088312484
2004-01-23,126.73606431532538
2004-01-30,146.64338506771938
2004-02-06,134.67518480557777
2004-02-13,114.15134785819104
2004-02-20,102.30803152571178
2004-02-27,105.67856393736746
2004-03-05,83.95800670869099
2004-03-12,57.95430532493211
2004-03-19,57.39812067842146
2004-03-26,54.0426320978292
2004-04-02,28.575652529045186
2004-04-09,0.0
2004-04-16,17.80316318475971
2004-04-23,0.0
2004-04-30,0.0
2004-05-07,0.0
2004-05-14,2.667219801685467
2004-05-21,10.109912540449239
2004-05-28,20.281766548698634
2004-06-04,0.0
2004-06-11,10.558482072002672
2004-06-18,3.5247309818663
2004-06-25,0.0
2004-07-02,34.209724597813974
2004-07-09,0.0
2004-07-16,7.550950901574869
2004-07-23,7.019278995559459
2004-07-30,4.961462081923388
2004-08-06,0.0
2004-08-13,14.89054772052904
2004-08-20,0.0
2004-08-27,0.0
2004-09-03,0.0
2004-09-10,0.0
2004-09-17,7.717460174163824
2004-09-24,19.394613768954297
2004-10-01,0.0
2004-10-08,14.052259618663994
2004-10-15,1.0458531575945242
2004-10-22,0.8979048396188851
2004-10-29,28.894780598590646
2004-11-05,44.232285199609095
2004-11-12,52.44958865616688
2004-11-19,87.1273705481862
2004-11-26,96.91337839083909
2004-12-03,75.99072076991064
2004-12-10,85.31239724913982
2004-12-17,131.43554350009208
2004-12-24,116.07459057382505
2004-12-31,141.25139637486228
2005-01-07,152.73312267125104
2005-01-14,117.10213480050822
2005-01-21,113.8472642841397
2005-01-28,166.65356210870982
2005-02-04,138.12383008702196
2005-02-11,117.62222850024939
2005-02-18,99.91785366657007
2005-02-25,97.41051625313092
2005-03-04,73.49398229625577
2005-03-11,97.77677323211714
2005-03-18,53.659124197181846
2005-03-25,72.10993701605642
2005-04-01,29.241387026963935
2005-04-08,1.1708626031522584
2005-04-15,0.0
2005-04-22,0.0
2005-04-29,0.0
2005-05-06,0.0
2005-05-13,14.845369437863418
2005-05-20,0.0
2005-05-27,20.91359449554386
2005-06-03,14.770787309957809
2005-06-10,22.53678414657593
2005-06-17,0.0
2005-06-24,18.2501430138496
2005-07-01,0.0
2005-07-08,12.834856173681596
2005-07-15,0.0
2005-07-22,0.0
2005-07-29,0.0
2005-08-05,0.09956049532687031
2005-08-12,0.0
2005-08-19,6.769323570524399
2005-08-26,0.0
2005-09-02,0.0
2005-09-09,24.702973814584368
2005-09-16,16.268402329225818
2005-09-23,0.0
2005-09-30,0.0
2005-10-07,18.35112708362383
2005-10-14,7.545610949230898
2005-10-21,14.844828115218665
2005-10-28,48.55533830915066
2005-11-04,31.937773589263486
2005-11-11,61.2468084247584
2005-11-18,75.0804257796202
2005-11-25,84.11606662745166
2005-12-02,94.34402984873275
2005-12-09,113.5389254300467
2005-12-16,122.08804219740766
2005-12-23,110.07922097543191
2005-12-30,148.99789447377975
2006-01-06,120.7505295329525
2006-01-13,135.98894762302723
2006-01-20,134.1674047549266
2006-01-27,143.47353480895492
2006-02-03,94.44448022619999
2006-02-10,142.2651675058983
2006-02-17,105.85526639892903
2006-02-24,130.10317615867137
2006-03-03,88.07339409882132
2006-03-10,82.93750820926881
2006-03-17,104.1872767082084
2006-03-24,49.659462296396335
2006-03-31,61.07176624177336
2006-04-07,23.034666816331196
2006-04-14,13.045354883730614
2006-04-21,1.2592546094047412
2006-04-28,15.261329273402234
2006-05-05,0.0
2006-05-12,0.0
2006-05-19,0.0
2006-05-26,1.794786773833639
2006-06-02,0.0
2006-06-09,12.784947776481177
2006-06-16,23.48517059678736
2006-06-23,0.0
2006-06-30,0.0
2006-07-07,0.0
2006-07-14,36.54671383366387
2006-07-21,5.4840509841928835
2006-07-28,8.636441760928399
2006-08-04,0.0
2006-08-11,0.0
2006-08-18,9.166463719435535
2006-08-25,0.0
2006-09-01,19.3627012468751
2006-09-08,41.61296026157093
2006-09-15,0.0
2006-09-22,0.0
2006-09-29,0.0
2006-10-06,28.911584880296832
2006-10-13,18.76239570653432
2006-10-20,7.336415881896252
2006-10-27,27.13981158002147
2006-11-03,28.106245433878648
2006-11-10,74.52689328352744
2006-11-17,66.52321271750662
2006-11-24,82.4726347238448
2006-12-01,110.64256691654643
2006-12-08,107.38707890327531
2006-12-15,116.0239700308306
2006-12-22,128.18448446934647
2006-12-29,148.19759625904345
2007-01-05,167.5705149088885
2007-01-12,150.35236182074942
2007-01-19,154.1283525845231
2007-01-26,133.90362592671184
2007-02-02,120.60154974324257
2007-02-09,139.0234204041652
2007-02-16,122.40080808208802
2007-02-23,84.0499049932196
2007-03-02,92.50257863749584
2007-03-09,84.24108227594112
2007-03-16,62.628732475379294
2007-03-23,83.53185411003935
2007-03-30,49.71785831955373
2007-04-06,49.42308481080869
2007-04-13,12.714962154504438
2007-04-20,1.464981055651399
2007-04-27,0.0
2007-05-04,0.21473159753820098
2007-05-11,0.2349706621579235
2007-05-18,0.0
2007-05-25,0.0
2007-06-01,0.0
2007-06-08,7.442631793002986
2007-06-15,8.30430201574271
2007-06-22,0.0
2007-06-29,8.439652845753928
2007-07-06,0.0
2007-07-13,0.0
2007-07-20,0.0
2007-07-27,19.421795522562814
2007-08-03,0.0
2007-08-10,2.028441607479724
2007-08-17,28.534701855335168
2007-08-24,0.0
2007-08-31,0.038683447698345495
2007-09-07,0.0
2007-09-14,29.290160549944297
2007-09-21,0.0
2007-09-28,0.8392831702923267
2007-10-05,24.3774083791012
2007-10-12,11.90661110361866
2007-10-19,0.0
2007-10-26,12.462071390303795
2007-11-02,49.413560348036704
2007-11-09,45.07572056201959
2007-11-16,33.189101383857505
2007-11-23,84.29811673258341
2007-11-30,71.33484690025043
2007-12-07,138.37497107513917
2007-12-14,122.18460113435499
2007-12-21,110.70631645468625
2007-12-28,120.58182846137083
2008-01-04,103.49184246280151
2008-01-11,119.87838259723723
2008-01-18,158.10742728605254
2008-01-25,178.10579016904254
2008-02-01,147.13115063121532
2008-02-08,126.58012409960976
2008-02-15,112.78527680495583
2008-02-22,93.92123050855974
2008-02-29,137.18196670563952
2008-03-07,84.2269181694915
2008-03-14,111.95490531987731
2008-03-21,84.13620196455398
2008-03-28,12.042550772219428
2008-04-04,15.08556329376157
2008-04-11,0.0
2008-04-18,0.0
2008-04-25,0.0
2008-05-02,53.93230371716657
2008-05-09,0.0
2008-05-16,4.1214588419590195
2008-05-23,11.097139364420457
2008-05-30,0.0
2008-06-06,1.9832504000644444
2008-06-13,0.0
2008-06-20,1.916751502848272
2008-06-27,9.205181931138695
2008-07-04,5.896810516880315
2008-07-11,10.263616270417646
2008-07-18,25.426942211452175
2008-07-25,16.86539775445815
2008-08-01,1.2833030429538652
2008-08-08,0.0
2008-08-15,0.0
2008-08-22,0.0
2008-08-29,4.542224964146052
2008-09-05,0.0
2008-09-12,0.0
2008-09-19,0.0
2008-09-26,0.0
2008-10-03,0.0
2008-10-10,0.0
2008-10-17,0.0
2008-10-24,14.647041269201942
2008-10-31,14.147065437716872
2008-11-07,60.93227104991449
2008-11-14,82.54043293396892
2008-11-21,73.44397467065426
2008-11-28,88.37751356879525
2008-12-05,117.43420882347233
2008-12-12,104.86436291349621
2008-12-19,111.87801258791562
2008-12-26,153.93079428587285
2009-01-02,152.4291711224247
2009-01-09,150.08283490870159
2009-01-16,156.64088905890196
2009-01-23,103.08533720867311
2009-01-30,159.73404989375723
2009-02-06,137.15032864485607
2009-02-13,141.1313707263891
2009-02-20,120.96984493663626
2009-02-27,104.29416178763529
2009-03-06,86.37282083139661
2009-03-13,84.52917251373793
2009-03-20,57.77279558475001
2009-03-27,63.551734680407904
2009-04-03,3.22529532985898
2009-04-10,5.424416278565653
2009-04-17,36.806818472579636
2009-04-24,0.0
2009-05-01,0.0
2009-05-08,0.0
2009-05-15,6.04522211194483
2009-05-22,0.0
2009-05-29,0.0
2009-06-05,15.27959764863127
2009-06-12,0.0
2009-06-19,14.195000146773976
2009-06-26,14.800127680086417
2009-07-03,18.98920970494729
2009-07-10,2.529737908524725
2009-07-17,58.34266338558214
2009-07-24,18.981606537757475
2009-07-31,5.847797239322878
2009-08-07,0.0
2009-08-14,0.0
2009-08-21,25.67388558420061
2009-08-28,30.771623081272836
2009-09-04,26.609923807924126
2009-09-11,14.133461521133153
2009-09-18,0.0
2009-09-25,8.768912720862062
2009-10-02,0.0
2009-10-09,0.0
2009-10-16,4.455377501982046
2009-10-23,26.38467465675855
2009-10-30,49.79870604958428
2009-11-06,58.571483560807856
2009-11-13,74.55801482463438
2009-11-20,61.69093130251842
2009-11-27,90.80016668782942
2009-12-04,77.49431319733938
2009-12-11,78.97922083424473
2009-12-18,137.12279211956383
2009-12-25,117.19350720388941
2010-01-01,151.6644902813781
2010-01-08,158.93646509535182
2010-01-15,128.85228815678244
2010-01-22,149.6118083955065
2010-01-29,124.0586961277576
2010-02-05,97.73794066859546
2010-02-12,126.29085969276545
2010-02-19,106.90619921304959
2010-02-26,97.09991982685823
2010-03-05,128.69629245077508
2010-03-12,52.444361520778415
2010-03-19,72.4138264188233
2010-03-26,32.27903474314179
2010-04-02,50.470865272167586
2010-04-09,22.936334920534293
2010-04-16,7.580800703312788
2010-04-23,0.0
2010-04-30,0.0
2010-05-07,16.690509132225948
2010-05-14,31.87435899109613
2010-05-21,8.645540710035368
2010-05-28,0.0
2010-06-04,6.100893404317228
2010-06-11,43.69449679807697
2010-06-18,1.8436105929404105
2010-06-25,26.31313546908479
2010-07-02,0.0
2010-07-09,0.0
2010-07-16,11.152173710259767
2010-07-23,7.151909548731553
2010-07-30,0.0
2010-08-06,0.0
2010-08-13,17.789119255847854
2010-08-20,21.447914627702612
2010-08-27,27.21858404619456
2010-09-03,32.47074869855162
2010-09-10,2.4231498538067364
2010-09-17,0.0
2010-09-24,24.31783689801244
2010-10-01,12.83524707332856
2010-10-08,0.0
2010-10-15,0.0
2010-10-22,23.428848475373147
2010-10-29,28.00391318455995
2010-11-05,46.888083361590496
2010-11-12,82.15243097392667
2010-11-19,91.08231301953444
2010-11-26,114.80892884693733
2010-12-03,68.23906295359076
2010-12-10,118.2115591566862
2010-12-17,135.15250548396966
2010-12-24,102.39100224048823
2010-12-31,123.42199572024454
2011-01-07,123.54762134336511
2011-01-14,140.3698529528868
2011-01-21,168.5563063030042
2011-01-28,172.92040110956273
2011-02-04,117.13838003837861
2011-02-11,134.6465908292526
2011-02-18,126.78714315276449
2011-02-25,113.57571542072742
2011-03-04,102.10591777160157
2011-03-11,87.34271914261042
2011-03-18,98.01690713661118
2011-03-25,72.27071168678866
2011-04-01,17.36993742605533
2011-04-08,34.27414536411381
2011-04-15,19.223397567022506
2011-04-22,5.6694111687322
2011-04-29,20.36563866904913
2011-05-06,3.3853326173826694
2011-05-13,3.608418979372513
2011-05-20,2.1823298041867796
2011-05-27,0.0
2011-06-03,0.0
2011-06-10,0.0
2011-06-17,0.0
2011-06-24,25.812329125311408
2011-07-01,9.07573533362024
2011-07-08,0.0
2011-07-15,0.0
2011-07-22,5.331052523317323
2011-07-29,17.845849679715236
2011-08-05,0.0
2011-08-12,0.0
2011-08-19,15.625196979321105
2011-08-26,0.0
2011-09-02,0.0
2011-09-09,0.0
2011-09-16,0.0
2011-09-23,0.0
2011-09-30,2.477242893731321
2011-10-07,34.62528996760892
2011-10-14,0.0
2011-10-21,17.427610547609973
2011-10-28,64.74800037688794
2011-11-04,35.19031773217946
2011-11-11,93.34975262951653
2011-11-18,75.49751538817118
2011-11-25,121.09991555109909
2011-12-02,114.86414930334003
2011-12-09,117.75524767561747
2011-12-16,120.2873549957096
2011-12-23,117.71817262322757
2011-12-30,135.92981599493007
2012-01-06,154.4779695351056
2012-01-13,139.6811438669363
2012-01-20,133.7832427727741
2012-01-27,132.5135841658891
2012-02-03,150.45293019460695
2012-02-10,148.28169702896543
2012-02-17,106.03238340811733
2012-02-24,96.10925541862957
2012-03-02,103.50882329412012
2012-03-09,111.31226991811158
2012-03-16,90.36695353660285
2012-03-23,32.118210235443954
2012-03-30,34.01910085779758
2012-04-06,5.580991291757893
2012-04-13,0.7525905439731524
2012-04-20,28.87937992863638
2012-04-27,0.0
2012-05-04,0.0
2012-05-11,0.0
2012-05-18,5.17159084636787
2012-05-25,11.173586771533623
2012-06-01,7.874071827507597
2012-06-08,21.162337258158296
2012-06-15,0.0
2012-06-22,21.390057690460868
2012-06-29,0.0
2012-07-06,13.166897576487617
2012-07-13,0.0
2012-07-20,0.08922054616326318
2012-07-27,4.252873870602245
2012-08-03,20.803518674971528
2012-08-10,0.0
2012-08-17,0.5535458736282749
2012-08-24,0.0
2012-08-31,9.098928795748952
2012-09-07,13.989897656210271
2012-09-14,23.16906436514558
2012-09-21,0.0
2012-09-28,16.690076742398226
2012-10-05,24.496228574586958
2012-10-12,0.0
2012-10-19,20.798125163954033
2012-10-26,43.734940188847645
2012-11-02,38.14695575044576
2012-11-09,36.71248004869818
2012-11-16,90.33464916143453
2012-11-23,65.56285353799518
2012-11-30,96.47402520782357
2012-12-07,110.04875474831337
2012-12-14,133.13304284446383
2012-12-21,116.71476269859754
2012-12-28,121.55869241186667
2013-01-04,139.2814776622681
2013-01-11,157.7837251564418
2013-01-18,180.9877096520766
2013-01-25,110.79897795416156
2013-02-01,139.73216971379247
2013-02-08,108.67925932257103
2013-02-15,138.8991479444477
2013-02-22,94.24435330136806
2013-03-01,87.96251259024238
2013-03-08,77.01751933989831
2013-03-15,72.50198748179577
2013-03-22,64.87040753502961
2013-03-29,52.0835116214056
2013-04-05,26.968890586138723
2013-04-12,0.0
2013-04-19,13.100150705583406
2013-04-26,0.0
2013-05-03,20.911226220264577
2013-05-10,0.0
2013-05-17,0.0
2013-05-24,0.0
2013-05-31,23.32714838911677
2013-06-07,2.8969584590889146
2013-06-14,0.0
2013-06-21,0.0
2013-06-28,31.639796400254802
2013-07-05,0.0
2013-07-12,0.0
2013-07-19,10.26061552951241
2013-07-26,0.0
2013-08-02,22.942631976864114
2013-08-09,11.2354760559124
2013-08-16,16.186159292599974
2013-08-23,10.046106215093774
2013-08-30,0.0
2013-09-06,0.0
2013-09-13,0.0
2013-09-20,0.0
2013-09-27,8.750795581374904
2013-10-04,14.52203694986583
2013-10-11,26.582555361567735
2013-10-18,11.657975335389116
2013-10-25,38.37963139911274
2013-11-01,32.844971736620124
2013-11-08,45.487743172790445
2013-11-15,77.74251182376896
2013-11-22,76.37714931770708
2013-11-29,101.08934930467312
2013-12-06,88.65901355293136
2013-12-13,101.84697637914701
2013-12-20,137.40459041499616
2013-12-27,148.35424303582937
2014-01-03,119.28585873968878
2014-01-10,151.5535108530031
2014-01-17,130.32790751024143
2014-01-24,138.62255644435072
2014-01-31,160.23544566010327
2014-02-07,143.71893421923303
2014-02-14,136.09263787350852
2014-02-21,146.9444285192281
2014-02-28,89.10507800762676
2014-03-07,71.74388188946241
2014-03-14,62.91010143410319
2014-03-21,56.64659452492745
2014-03-28,3.2782704417436577
2014-04-04,25.697757036115114
2014-04-11,2.974227867995248
2014-04-18,14.10767581316038
2014-04-25,6.343548822180721
2014-05-02,0.0
2014-05-09,10.61929521653227
2014-05-16,13.018735076827852
2014-05-23,0.0
2014-05-30,0.0
2014-06-06,0.0
2014-06-13,0.0
2014-06-20,0.0
2014-06-27,1.334991178908392
2014-07-04,0.0
2014-07-11,0.0
2014-07-18,0.0
2014-07-25,3.080050173562871
2014-08-01,7.662862702528337
2014-08-08,7.2425762715568025
2014-08-15,0.22250037429466796
2014-08-22,0.0
2014-08-29,0.0
2014-09-05,0.0
2014-09-12,0.0
2014-09-19,1.3496619238170546
2014-09-26,25.65974470267834
2014-10-03,14.617731828322796
2014-10-10,0.0
2014-10-17,14.769969830776176
2014-10-24,30.88048614552072
2014-10-31,21.36184053986811
2014-11-07,67.14714227493138
2014-11-14,64.22609287748249
2014-11-21,56.00704835386858
2014-11-28,102.6745043049942
2014-12-05,110.11247117835885
2014-12-12,112.29709420793192
2014-12-19,124.22354725966144
2014-12-26,118.64771534990557
2015-01-02,147.49614089394248
2015-01-09,138.47282344535037
2015-01-16,142.9753650648764
2015-01-23,145.10490890500535
2015-01-30,114.58246899180746
2015-02-06,113.99611615247179
2015-02-13,83.15830554119411
2015-02-20,124.16629356536907
2015-02-27,81.59373451595067
2015-03-06,93.71464143203534
2015-03-13,84.59836177869819
2015-03-20,74.22660904509732
2015-03-27,26.257660430186817
2015-04-03,30.608605805266148
2015-04-10,45.23782936504214
2015-04-17,30.857664239717693
2015-04-24,17.771815692485117
2015-05-01,6.074876498739111
2015-05-08,0.0
2015-05-15,12.935189257038955
2015-05-22,0.0
2015-05-29,10.0895089549112
2015-06-05,0.0
2015-06-12,0.0
2015-06-19,2.9546524813756454
2015-06-26,4.433005646889451
2015-07-03,8.887008860284466
2015-07-10,0.0
2015-07-17,0.0
2015-07-24,29.246130718196305
2015-07-31,44.80657504242044
2015-08-07,8.053572801642815
2015-08-14,0.0
2015-08-21,0.0
2015-08-28,9.164116242917443
2015-09-04,24.140081010263145
2015-09-11,0.0
2015-09-18,0.0
2015-09-25,3.526777159991443
2015-10-02,15.562412123145743
2015-10-09,0.0
2015-10-16,0.0
2015-10-23,28.14864067605528
2015-10-30,53.78424565001208
2015-11-06,48.136384922445274
2015-11-13,72.28378872478068
2015-11-20,70.87383570269392
2015-11-27,77.46583670708732
2015-12-04,123.0980775886101
2015-12-11,122.01479042410855
2015-12-18,132.6178581316224
2015-12-25,157.7878189560297
2016-01-01,116.97235522506882
2016-01-08,129.04973586664153
2016-01-15,142.84280027902452
2016-01-22,128.82857041380876
2016-01-29,150.05597487770726
2016-02-05,127.59057443560658
2016-02-12,106.2056998778518
2016-02-19,116.56581920131119
2016-02-26,108.08761989194878
2016-03-04,109.96439346168957
2016-03-11,86.98632346662015
2016-03-18,73.82278102661387
2016-03-25,55.950815323877364
2016-04-01,30.734154522100997
2016-04-08,4.672628597380342
2016-04-15,5.951692747930512
2016-04-22,0.0
2016-04-29,30.416807167938277
2016-05-06,24.159281305917936
2016-05-13,11.39110438232895
2016-05-20,6.8124049072737405
2016-05-27,0.0
2016-06-03,0.0
2016-06-10,0.0
2016-06-17,1.8252006012946205
2016-06-24,4.1302165400039215
2016-07-01,8.451654606284869
2016-07-08,16.583943561798332
2016-07-15,0.0
2016-07-22,0.0
2016-07-29,26.11542023537686
2016-08-05,13.877668605476675
2016-08-12,0.0
2016-08-19,0.0
2016-08-26,0.0
2016-09-02,0.5683342010648939
2016-09-09,8.508295660295037
2016-09-16,45.62986942979696
2016-09-23,3.4156181009277438
2016-09-30,11.926766707654513
2016-10-07,0.0
2016-10-14,0.0
2016-10-21,36.69277489985848
2016-10-28,38.436534135691026
2016-11-04,0.0
2016-11-11,74.97924805083471
2016-11-18,111.94660351312163
2016-11-25,54.94487382524929
2016-12-02,130.35569102993057
2016-12-09,63.755195295437886
2016-12-16,139.53209309178138
2016-12-23,129.7138723926462
2016-12-30,92.91063538942095
2017-01-06,146.3559441630613
2017-01-13,160.63226510961343
2017-01-20,146.03241933267583
2017-01-27,147.55456724816207
2017-02-03,125.17818112800887
2017-02-10,92.72377524318964
2017-02-17,130.49464505801515
2017-02-24,139.63940740271772
2017-03-03,117.01281811620636
2017-03-10,48.03492781965677
2017-03-17,42.47102865717996
2017-03-24,39.42413070233024
2017-03-31,10.098910194608525
2017-04-07,23.12727382817782
2017-04-14,12.649300431697212
2017-04-21,0.0
2017-04-28,13.988312266959507
2017-05-05,10.819870992360253
2017-05-12,0.0
2017-05-19,0.0
2017-05-26,0.0
2017-06-02,0.0
2017-06-09,0.13292953434586374
2017-06-16,3.0374567141074125
2017-06-23,6.819784416363131
2017-06-30,4.3963513781503005
2017-07-07,0.0
2017-07-14,5.151508965977701
2017-07-21,18.03657587958446
2017-07-28,0.0
2017-08-04,5.716708034970181
2017-08-11,0.0
2017-08-18,0.0
2017-08-25,9.411834004516876
2017-09-01,0.0
2017-09-08,6.9506442178594305
2017-09-15,0.5085966871808192
2017-09-22,0.0
2017-09-29,0.0
2017-10-06,0.0
2017-10-13,0.0
2017-10-20,16.668028315092382
2017-10-27,30.6495804758155
2017-11-03,58.09809524949252
2017-11-10,48.94018020262783
2017-11-17,107.47835081004061
2017-11-24,80.3187653727414
2017-12-01,83.93237746951529
2017-12-08,92.88465923160533
2017-12-15,89.04275465565792
2017-12-22,155.58143283289942
2017-12-29,158.56041184460398
2018-01-05,148.74705248210515
2018-01-12,123.68401110035592
2018-01-19,172.27151482735047
2018-01-26,131.17005413714227
2018-02-02,128.49944631819974
2018-02-09,153.1223316717825
2018-02-16,131.17886375993345
2018-02-23,149.27707716829775
2018-03-02,102.88483254489897
2018-03-09,78.58667430619205
2018-03-16,60.804486179615594
2018-03-23,23.614682218849765
2018-03-30,36.066031744802146
2018-04-06,45.30861638770588
2018-04-13,18.75232255257481
2018-04-20,0.36554411808730464
2018-04-27,0.0
2018-05-04,4.083714324229271
2018-05-11,18.230646693516718
2018-05-18,7.752946616459721
2018-05-25,3.001233053400465
2018-06-01,0.0
2018-06-08,15.609272654016229
2018-06-15,0.0
2018-06-22,6.89122275957261
2018-06-29,46.265795657002776
2018-07-06,0.0
2018-07-13,0.0
2018-07-20,0.0
2018-07-27,0.0
2018-08-03,18.65473636606163
2018-08-10,8.504118258395419
2018-08-17,2.7414067058517473
2018-08-24,14.350906101047043
2018-08-31,0.3015127632913596
2018-09-07,57.23756079882325
2018-09-14,2.72424480582134
2018-09-21,3.5150777728146783
2018-09-28,0.0
2018-10-05,0.0
2018-10-12,20.652798272396574
2018-10-19,0.0
2018-10-26,0.0
2018-11-02,41.08647534799367
2018-11-09,80.98330068770211
2018-11-16,72.06234311855725
2018-11-23,79.20620826081262
2018-11-30,64.52589192115934
2018-12-07,117.4224737196316
2018-12-14,130.90537561451305
2018-12-21,94.9282824922508
2018-12-28,153.57879600184495
2019-01-04,151.28351851059006
2019-01-11,160.05038352513853
2019-01-18,150.3170612933201
2019-01-25,149.69992830878323
2019-02-01,143.42898957026537
2019-02-08,143.8693915818098
2019-02-15,87.82290572249579
2019-02-22,84.11908534774699
2019-03-01,86.85803831410831
2019-03-08,85.28763171294429
2019-03-15,80.86003299829947
2019-03-22,64.89712054969218
2019-03-29,63.48479114266092
2019-04-05,47.74562179187514
2019-04-12,0.0
2019-04-19,4.294369980908482
2019-04-26,0.0
2019-05-03,0.0
2019-05-10,5.792244642872905
2019-05-17,0.0
2019-05-24,43.40239271351432
2019-05-31,10.195356193154552
2019-06-07,0.0
2019-06-14,34.69265559414411
2019-06-21,0.0
2019-06-28,2.3853489449050396
2019-07-05,0.0
2019-07-12,29.73585307398011
2019-07-19,0.0
2019-07-26,2.6907138133111665
2019-08-02,21.668078754458033
2019-08-09,10.532510234299378
2019-08-16,0.0
2019-08-23,19.987037502434333
2019-08-30,45.69269812970314
2019-09-06,5.713388078389584
2019-09-13,2.101681581706195
2019-09-20,3.071287505143468
2019-09-27,23.587731014967318
2019-10-04,0.0
2019-10-11,0.0
2019-10-18,0.0
2019-10-25,0.4276534528798628
2019-11-01,28.873176958199213
2019-11-08,53.08986576385034
2019-11-15,101.05991765292869
2019-11-22,92.98153151526547
2019-11-29,79.826591922359
2019-12-06,94.65682422441486
2019-12-13,142.4617509618722
2019-12-20,146.2462092719924
2019-12-27,132.90052006255527
2020-01-03,129.06219340139006
2020-01-10,159.73124430657109
2020-01-17,122.03726134383201
2020-01-24,145.38201043778056
2020-01-31,175.6383080119516
2020-02-07,132.8805662873462
2020-02-14,107.80597146240017
2020-02-21,119.9728387150904
2020-02-28,93.31474920424687
2020-03-06,64.39554625176677
2020-03-13,88.52695078191574
2020-03-20,81.34863269614152
2020-03-27,40.06386140169143
2020-04-03,22.64122316292478
2020-04-10,0.0
2020-04-17,0.0
2020-04-24,0.0
2020-05-01,0.0
2020-05-08,34.05903894719291
2020-05-15,8.396870701491132
2020-05-22,10.303111944528343
2020-05-29,15.901192240783688
2020-06-05,13.878651901676497
2020-06-12,0.0
2020-06-19,4.90594721348641
2020-06-26,0.0
2020-07-03,7.892345245979881
2020-07-10,6.150435947246956
2020-07-17,0.0
2020-07-24,0.0
2020-07-31,2.632267025379138
2020-08-07,0.0
2020-08-14,0.0
2020-08-21,9.137911839996915
2020-08-28,17.376158020369957
2020-09-04,45.51041655376111
2020-09-11,0.0
2020-09-18,0.0
2020-09-25,0.0
2020-10-02,3.7555543167661276
2020-10-09,3.641727250050392
2020-10-16,0.0
2020-10-23,16.206305651468348
2020-10-30,0.2550730489878532
2020-11-06,68.54233712849191
2020-11-13,53.24064565039823
2020-11-20,80.76239684869496
2020-11-27,68.80037367816563
2020-12-04,95.72479356298908
2020-12-11,111.36265076996133
2020-12-18,124.69446754406589
2020-12-25,140.2264392493031
2021-01-01,161.86286874555512
2021-01-08,152.1750056633595
2021-01-15,157.31896177663242
2021-01-22,165.0160826724876
2021-01-29,146.21425911021169
2021-02-05,130.30303089073638
2021-02-12,142.2353047253922
2021-02-19,134.69609619524311
2021-02-26,116.69570710081523
2021-03-05,66.95681958290578
2021-03-12,64.76350445426286
2021-03-19,60.57477210958811
2021-03-26,64.2187433849935
2021-04-02,33.73792436208567
2021-04-09,38.028208071493246
2021-04-16,24.426861735458804
2021-04-23,21.58506843618971
2021-04-30,21.699730160645164
2021-05-07,0.0
2021-05-14,8.687438990203963
2021-05-21,0.0
2021-05-28,0.0
2021-06-04,0.0
2021-06-11,23.845265381290524
2021-06-18,8.293356182132342
2021-06-25,36.32056868890606
2021-07-02,3.1901426148260077
2021-07-09,44.06044956467233
2021-07-16,3.1953820593069224
2021-07-23,0.40464533076725456
2021-07-30,0.0
2021-08-06,19.99012932526982
2021-08-13,0.0
2021-08-20,0.0
2021-08-27,23.062150147726296
2021-09-03,20.84800803832723
2021-09-10,20.37692460979222
2021-09-17,0.0
2021-09-24,0.0
2021-10-01,0.0
2021-10-08,14.085327252103166
2021-10-15,27.96416403289614
2021-10-22,21.200742844530907
2021-10-29,66.7428966277044
2021-11-05,63.51332207151816
2021-11-12,58.620441315083646
2021-11-19,92.33644972012534
2021-11-26,121.57813539216349
2021-12-03,138.97591456845538
2021-12-10,135.01444084948804
2021-12-17,123.11025224666393
2021-12-24,125.96906908785998
2021-12-31,145.57936832792907
2022-01-07,168.80789518016448
2022-01-14,147.78713007366844
2022-01-21,147.43650856014963
2022-01-28,137.4389532033022
2022-02-04,125.89351686633587
2022-02-11,122.25013920077775
2022-02-18,119.16644954862235
2022-02-25,137.52425146577875
2022-03-04,90.60943633274093
2022-03-11,82.82237146489136
2022-03-18,52.063847074778465
2022-03-25,65.32567362468042
2022-04-01,61.05293279975322
2022-04-08,49.19212713548553
2022-04-15,6.821238270339156
2022-04-22,10.33837709902624
2022-04-29,0.0
2022-05-06,9.504336234501405
2022-05-13,5.65137274498586
2022-05-20,1.048758970526772
2022-05-27,2.4795664609883303
2022-06-03,8.134601101085678
2022-06-10,0.0
2022-06-17,0.0
2022-06-24,30.73251624608796
2022-07-01,48.789841839234896
2022-07-08,0.0
2022-07-15,0.0
2022-07-22,0.0
2022-07-29,0.0
2022-08-05,16.124049198670626
2022-08-12,10.642552956868895
2022-08-19,3.09656046204843
2022-08-26,9.52083984524218
2022-09-02,0.0
2022-09-09,0.0
2022-09-16,0.0
2022-09-23,0.0
2022-09-30,0.0
2022-10-07,0.0
2022-10-14,13.753948026307937
2022-10-21,16.593201458219546
2022-10-28,39.84166644685489
2022-11-04,11.976808326441095
2022-11-11,33.98139599986622
2022-11-18,87.33957919350016
2022-11-25,39.009729935541515
2022-12-02,123.40385749110277
2022-12-09,79.40758856572366
2022-12-16,136.64891532431778
2022-12-23,112.95639529542804
2022-12-30,153.4458349686602
2023-01-06,196.07235972324204
2023-01-13,98.99995228269611
2023-01-20,151.99924192537918
2023-01-27,104.48074093640172
2023-02-03,140.27019175002704
2023-02-10,122.50689189323394
2023-02-17,120.37717446026117
2023-02-24,91.73348387877613
2023-03-03,110.73010271104911
2023-03-10,57.74625166901414
2023-03-17,92.08859871915409
2023-03-24,47.28504453569908
2023-03-31,13.52403612439549
2023-04-07,51.04071809630168
2023-04-14,4.355648187883045
2023-04-21,34.33744746795647
2023-04-28,21.98441032764016
2023-05-05,0.0
2023-05-12,0.0
2023-05-19,2.1786829139443378
2023-05-26,27.47345759975591
2023-06-02,7.875318840608069
2023-06-09,3.173267179736267
2023-06-16,0.0
2023-06-23,0.0
2023-06-30,23.48265754220984
2023-07-07,0.06669631435453828
2023-07-14,0.0
2023-07-21,0.0
2023-07-28,0.0
2023-08-04,0.0
2023-08-11,0.0
2023-08-18,26.971564961705816
2023-08-25,0.0
2023-09-01,12.67941003400977
2023-09-08,0.0
2023-09-15,10.229603561385824
2023-09-22,0.0
2023-09-29,0.0
2023-10-06,3.257279233580371
2023-10-13,0.0
2023-10-20,0.0
2023-10-27,43.082200561900606
2023-11-03,47.17834680968711
2023-11-10,52.8554402586888
2023-11-17,55.97010885415672
2023-11-24,60.69657714410637
2023-12-01,103.71441975624485
2023-12-08,139.81292507282976
2023-12-15,123.91035449513052
2023-12-22,103.10442186015226
2023-12-29,137.9332998974593
2024-01-05,136.9734662297384
2024-01-12,155.3663949096561
2024-01-19,150.58989375269738
2024-01-26,83.75619343055345
2024-02-02,143.1562709599917
2024-02-09,109.18903885285961
2024-02-16,93.72735589320115
2024-02-23,106.26469928399094
2024-03-01,105.80531182169682
2024-03-08,56.20000571344626
2024-03-15,84.49934958892784
2024-03-22,70.60071266384985
2024-03-29,41.92632718870478
2024-04-05,9.088710944726158
2024-04-12,0.0
2024-04-19,18.466778368444093
2024-04-26,0.0
2024-05-03,19.16046829474521
2024-05-10,0.0
2024-05-17,0.0
2024-05-24,0.0
2024-05-31,0.0
2024-06-07,11.044539288204767
2024-06-14,0.0
2024-06-21,8.97544561053322
2024-06-28,1.602220566222408
2024-07-05,0.0
2024-07-12,15.38411555684348
2024-07-19,0.0
2024-07-26,6.240253477386762
2024-08-02,29.14983284531926
2024-08-09,25.91897650381191
2024-08-16,7.0165209696934046
2024-08-23,0.0
2024-08-30,0.0
2024-09-06,0.0
2024-09-13,9.78853046252231
2024-09-20,0.0
2024-09-27,13.633628724906856
2024-10-04,38.39688932405983
2024-10-11,0.0
2024-10-18,0.0
2024-10-25,0.0
2024-11-01,54.482976797425685
2024-11-08,55.23446833186453
2024-11-15,87.08243713117994
2024-11-22,75.65103462321852
2024-11-29,112.92989865621396
2024-12-06,106.43251438889706
2024-12-13,105.81735065878715
2024-12-20,119.78149485762769
2024-12-27,111.61023352767674
2025-01-03,172.83614183555804
2025-01-10,137.74758061983476
2025-01-17,151.5184032211559
2025-01-24,128.66181888107076
2025-01-31,115.79574538023482
2025-02-07,124.97431481029713
2025-02-14,141.5884076899346
2025-02-21,103.21302982183362
2025-02-28,86.10533063739365
2025-03-07,92.28798783797282
2025-03-14,84.89070911113721
2025-03-21,90.7988805256038
2025-03-28,52.027690109702654
2025-04-04,41.02333351021993
2025-04-11,25.72345530666945
2025-04-18,0.0
2025-04-25,0.0
2025-05-02,0.0
2025-05-09,0.0
2025-05-16,14.318277747667265
2025-05-23,5.220901649947596
2025-05-30,1.4309291356460916
2025-06-06,0.0
2025-06-13,36.99858345513513
2025-06-20,0.0
2025-06-27,36.93262960690124
2025-07-04,0.0
2025-07-11,0.0
2025-07-18,0.0
2025-07-25,6.518249566968555
2025-08-01,0.0
2025-08-08,0.0
2025-08-15,0.0
2025-08-22,13.992391129281534
2025-08-29,12.806345728215847
2025-09-05,32.616610039418134
2025-09-12,0.0
2025-09-19,3.938748678842406
2025-09-26,0.0
2025-10-03,0.0
2025-10-10,0.0
2025-10-17,10.918817310354346
2025-10-24,37.66143604306491
2025-10-31,53.71025548796327
2025-11-07,36.69693476757648
2025-11-14,85.08529460771122
2025-11-21,80.59267870618824
2025-11-28,88.63811113537938
2025-12-05,93.45395159055687
2025-12-12,106.31644723476889
2025-12-19,156.25935202089303
2025-12-26,137.1246477667903
2026-01-02,139.6568050806162
2026-01-09,134.534491412846
2026-01-16,184.0069008796928
2026-01-23,162.1665430645213
2026-01-30,122.38589198510304
2026-02-06,125.1681395616655
2026-02-13,119.08090403360949
2026-02-20,116.62662852162853
2026-02-27,90.79144707602663
2026-03-06,99.22708407442414
2026-03-13,104.0581601064939
2026-03-20,39.738951982957005
2026-03-27,27.623323611578677
2026-04-03,23.08466093644706
2026-04-10,7.310461708921719
